Timestamp,Mode,Data,Sample
10:41:05.712,TX,b,1
10:41:15.691,RX,-0.10,2
10:41:15.812,RX,0.09,3
10:41:15.931,RX,0.09,4
10:41:16.051,RX,0.09,5
10:41:16.171,RX,0.00,6
10:41:16.291,RX,0.19,7
10:41:16.412,RX,-0.20,8
10:41:16.531,RX,0.09,9
10:41:16.650,RX,0.00,10
10:41:16.771,RX,0.00,11
10:41:16.891,RX,0.19,12
10:41:17.012,RX,0.00,13
10:41:17.131,RX,0.00,14
10:41:17.251,RX,1.09,15
10:41:17.371,RX,1.29,16
10:41:17.492,RX,0.69,17
10:41:17.611,RX,0.49,18
10:41:17.731,RX,0.19,19
10:41:17.852,RX,0.39,20
10:41:17.972,RX,0.39,21
10:41:18.090,RX,0.49,22
10:41:18.211,RX,0.29,23
10:41:18.330,RX,0.00,24
10:41:18.451,RX,-0.50,25
10:41:18.571,RX,-1.40,26
10:41:18.690,RX,-0.90,27
10:41:18.811,RX,-1.00,28
10:41:18.931,RX,-0.70,29
10:41:19.051,RX,-0.80,30
10:41:19.171,RX,-0.80,31
10:41:19.292,RX,-0.90,32
10:41:19.412,RX,-0.90,33
10:41:19.531,RX,-0.80,34
10:41:19.651,RX,-0.70,35
10:41:19.772,RX,-0.80,36
10:41:19.891,RX,-0.70,37
10:41:20.012,RX,-0.30,38
10:41:20.131,RX,0.39,39
10:41:20.251,RX,1.69,40
10:41:20.372,RX,2.09,41
10:41:20.492,RX,3.19,42
10:41:20.611,RX,3.89,43
10:41:20.730,RX,2.89,44
10:41:20.851,RX,1.89,45
10:41:20.971,RX,2.59,46
10:41:21.091,RX,2.29,47
10:41:21.211,RX,1.49,48
10:41:21.331,RX,1.09,49
10:41:21.452,RX,0.39,50
10:41:21.571,RX,0.09,51
10:41:21.691,RX,0.00,52
10:41:21.811,RX,0.19,53
10:41:21.932,RX,0.00,54
10:41:22.051,RX,0.00,55
10:41:22.172,RX,-0.90,56
10:41:22.291,RX,-1.60,57
10:41:22.411,RX,-1.40,58
10:41:22.532,RX,-1.20,59
10:41:22.651,RX,-1.10,60
10:41:22.771,RX,-0.80,61
10:41:22.891,RX,-0.60,62
10:41:23.013,RX,-0.30,63
10:41:23.131,RX,-0.30,64
10:41:23.251,RX,-0.20,65
10:41:23.371,RX,-0.20,66
10:41:23.491,RX,0.29,67
10:41:23.611,RX,0.19,68
10:41:23.732,RX,0.49,69
10:41:23.851,RX,1.79,70
10:41:23.971,RX,2.29,71
10:41:24.089,RX,2.19,72
10:41:24.210,RX,1.29,73
10:41:24.331,RX,1.09,74
10:41:24.451,RX,0.69,75
10:41:24.571,RX,0.49,76
10:41:24.691,RX,0.79,77
10:41:24.811,RX,0.59,78
10:41:24.931,RX,0.89,79
10:41:25.051,RX,0.49,80
10:41:25.172,RX,0.29,81
10:41:25.291,RX,0.19,82
10:41:25.412,RX,0.39,83
10:41:25.531,RX,0.09,84
10:41:25.651,RX,-1.50,85
10:41:25.771,RX,-2.20,86
10:41:25.891,RX,-1.60,87
10:41:26.011,RX,-1.50,88
10:41:26.129,RX,-0.40,89
10:41:26.249,RX,-0.40,90
10:41:26.371,RX,-0.40,91
10:41:26.492,RX,-0.20,92
10:41:26.611,RX,0.19,93
10:41:26.731,RX,0.29,94
10:41:26.850,RX,0.69,95
10:41:26.973,RX,2.59,96
10:41:27.091,RX,2.99,97
10:41:27.211,RX,2.19,98
10:41:27.332,RX,1.79,99
10:41:27.451,RX,1.29,100
10:41:27.571,RX,0.69,101
10:41:27.691,RX,1.29,102
10:41:27.814,RX,0.89,103
10:41:27.932,RX,0.59,104
10:41:28.021,RX,0.69,105
10:41:28.170,RX,0.59,106
10:41:28.289,RX,0.39,107
10:41:28.412,RX,-0.20,108
10:41:28.533,RX,-0.70,109
10:41:28.651,RX,-1.10,110
10:41:28.771,RX,-1.60,111
10:41:28.891,RX,-1.50,112
10:41:29.011,RX,-1.60,113
10:41:29.134,RX,-0.70,114
10:41:29.252,RX,-0.80,115
10:41:29.371,RX,-0.40,116
10:41:29.491,RX,0.00,117
10:41:29.611,RX,0.00,118
10:41:29.731,RX,0.59,119
10:41:29.850,RX,0.59,120
10:41:29.971,RX,3.09,121
10:41:30.090,RX,4.99,122
10:41:30.216,RX,3.59,123
10:41:30.329,RX,2.79,124
10:41:30.454,RX,2.19,125
10:41:30.571,RX,1.99,126
10:41:30.691,RX,1.49,127
10:41:30.811,RX,1.69,128
10:41:30.930,RX,1.59,129
10:41:31.051,RX,1.49,130
10:41:31.171,RX,1.39,131
10:41:31.290,RX,1.39,132
10:41:31.411,RX,0.69,133
10:41:31.532,RX,0.89,134
10:41:31.652,RX,-0.50,135
10:41:31.771,RX,-1.40,136
10:41:31.891,RX,-1.60,137
10:41:32.010,RX,-0.90,138
10:41:32.132,RX,-0.30,139
10:41:32.251,RX,-0.60,140
10:41:32.370,RX,-0.40,141
10:41:32.491,RX,-0.10,142
10:41:32.610,RX,0.19,143
10:41:32.731,RX,0.00,144
10:41:32.851,RX,0.19,145
10:41:32.971,RX,0.49,146
10:41:33.091,RX,1.79,147
10:41:33.211,RX,2.99,148
10:41:33.331,RX,2.89,149
10:41:33.452,RX,2.29,150
10:41:33.571,RX,2.09,151
10:41:33.691,RX,1.59,152
10:41:33.812,RX,1.39,153
10:41:33.931,RX,1.59,154
10:41:34.052,RX,1.39,155
10:41:34.172,RX,1.39,156
10:41:34.290,RX,0.99,157
10:41:34.409,RX,0.79,158
10:41:34.530,RX,0.69,159
10:41:34.651,RX,0.19,160
10:41:34.770,RX,-1.00,161
10:41:34.890,RX,-1.30,162
10:41:35.010,RX,-0.90,163
10:41:35.130,RX,-0.20,164
10:41:35.251,RX,-0.10,165
10:41:35.371,RX,-0.40,166
10:41:35.491,RX,-0.10,167
10:41:35.611,RX,0.09,168
10:41:35.731,RX,0.79,169
10:41:35.851,RX,1.89,170
10:41:35.971,RX,2.09,171
10:41:36.091,RX,1.89,172
10:41:36.211,RX,1.79,173
10:41:36.329,RX,1.99,174
10:41:36.450,RX,1.59,175
10:41:36.571,RX,1.49,176
10:41:36.691,RX,1.39,177
10:41:36.811,RX,1.39,178
10:41:36.931,RX,1.09,179
10:41:37.051,RX,0.69,180
10:41:37.172,RX,0.99,181
10:41:37.291,RX,0.89,182
10:41:37.411,RX,0.29,183
10:41:37.530,RX,-0.80,184
10:41:37.650,RX,-0.60,185
10:41:37.771,RX,-0.80,186
10:41:37.891,RX,-0.50,187
10:41:38.011,RX,-0.80,188
10:41:38.130,RX,-0.20,189
10:41:38.251,RX,0.00,190
10:41:38.372,RX,0.19,191
10:41:38.462,RX,0.39,192
10:41:38.611,RX,0.89,193
10:41:38.732,RX,2.89,194
10:41:38.852,RX,3.29,195
10:41:38.971,RX,2.69,196
10:41:39.091,RX,2.49,197
10:41:39.211,RX,1.99,198
10:41:39.331,RX,1.59,199
10:41:39.453,RX,1.69,200
10:41:39.572,RX,1.79,201
10:41:39.691,RX,1.29,202
10:41:39.811,RX,1.19,203
10:41:39.932,RX,1.19,204
10:41:40.051,RX,1.59,205
10:41:40.173,RX,1.39,206
10:41:40.291,RX,0.39,207
10:41:40.411,RX,-0.40,208
10:41:40.531,RX,-2.60,209
10:41:40.651,RX,-2.20,210
10:41:40.771,RX,-1.60,211
10:41:40.891,RX,-1.60,212
10:41:41.010,RX,-1.50,213
10:41:41.131,RX,-0.90,214
10:41:41.251,RX,-0.60,215
10:41:41.371,RX,0.09,216
10:41:41.491,RX,0.29,217
10:41:41.611,RX,0.69,218
10:41:41.731,RX,1.59,219
10:41:41.851,RX,2.79,220
10:41:41.972,RX,3.79,221
10:41:42.090,RX,4.19,222
10:41:42.211,RX,3.29,223
10:41:42.331,RX,3.79,224
10:41:42.451,RX,2.99,225
10:41:42.572,RX,2.19,226
10:41:42.691,RX,2.09,227
10:41:42.811,RX,1.89,228
10:41:42.931,RX,1.49,229
10:41:43.051,RX,0.69,230
10:41:43.172,RX,0.89,231
10:41:43.291,RX,-0.60,232
10:41:43.409,RX,-2.40,233
10:41:43.530,RX,-2.50,234
10:41:43.651,RX,-1.30,235
10:41:43.771,RX,-0.70,236
10:41:43.891,RX,-0.50,237
10:41:44.011,RX,-0.40,238
10:41:44.131,RX,0.09,239
10:41:44.251,RX,0.09,240
10:41:44.371,RX,0.19,241
10:41:44.491,RX,1.09,242
10:41:44.610,RX,1.99,243
10:41:44.731,RX,2.89,244
10:41:44.851,RX,2.59,245
10:41:44.971,RX,2.19,246
10:41:45.090,RX,2.09,247
10:41:45.211,RX,1.99,248
10:41:45.331,RX,1.59,249
10:41:45.451,RX,1.49,250
10:41:45.571,RX,1.29,251
10:41:45.691,RX,0.99,252
10:41:45.811,RX,0.89,253
10:41:45.931,RX,0.39,254
10:41:46.051,RX,0.19,255
10:41:46.171,RX,-1.30,256
10:41:46.292,RX,-2.00,257
10:41:46.411,RX,-2.00,258
10:41:46.530,RX,-1.20,259
10:41:46.650,RX,-1.10,260
10:41:46.772,RX,-0.80,261
10:41:46.891,RX,-1.00,262
10:41:47.011,RX,-0.50,263
10:41:47.130,RX,0.19,264
10:41:47.251,RX,0.79,265
10:41:47.371,RX,3.29,266
10:41:47.489,RX,5.89,267
10:41:47.610,RX,5.09,268
10:41:47.731,RX,3.79,269
10:41:47.851,RX,3.49,270
10:41:47.971,RX,2.99,271
10:41:48.091,RX,2.89,272
10:41:48.210,RX,2.49,273
10:41:48.331,RX,1.49,274
10:41:48.451,RX,1.29,275
10:41:48.572,RX,0.69,276
10:41:48.691,RX,-0.20,277
10:41:48.811,RX,-2.00,278
10:41:48.930,RX,-2.20,279
10:41:49.051,RX,-1.80,280
10:41:49.171,RX,-1.80,281
10:41:49.291,RX,-1.20,282
10:41:49.411,RX,-0.80,283
10:41:49.531,RX,0.19,284
10:41:49.651,RX,0.09,285
10:41:49.772,RX,0.39,286
10:41:49.891,RX,1.19,287
10:41:50.011,RX,2.59,288
10:41:50.131,RX,3.49,289
10:41:50.251,RX,3.09,290
10:41:50.371,RX,3.09,291
10:41:50.492,RX,2.69,292
10:41:50.611,RX,2.49,293
10:41:50.732,RX,1.99,294
10:41:50.851,RX,1.69,295
10:41:50.971,RX,1.59,296
10:41:51.091,RX,1.59,297
10:41:51.210,RX,1.19,298
10:41:51.331,RX,1.09,299
10:41:51.451,RX,1.29,300
10:41:51.571,RX,1.19,301
10:41:51.691,RX,0.89,302
10:41:51.811,RX,-0.20,303
10:41:51.931,RX,-0.50,304
10:41:52.051,RX,-1.10,305
10:41:52.171,RX,-1.20,306
10:41:52.291,RX,-1.00,307
10:41:52.411,RX,-1.20,308
10:41:52.531,RX,-1.00,309
10:41:52.652,RX,-0.80,310
10:41:52.771,RX,-0.30,311
10:41:52.892,RX,-0.40,312
10:41:53.011,RX,0.00,313
10:41:53.131,RX,-0.20,314
10:41:53.250,RX,0.59,315
10:41:53.371,RX,1.29,316
10:41:53.491,RX,4.19,317
10:41:53.611,RX,6.79,318
10:41:53.731,RX,4.69,319
10:41:53.851,RX,3.59,320
10:41:53.971,RX,3.19,321
10:41:54.091,RX,2.79,322
10:41:54.211,RX,2.19,323
10:41:54.332,RX,2.09,324
10:41:54.451,RX,2.19,325
10:41:54.570,RX,2.29,326
10:41:54.691,RX,2.69,327
10:41:54.811,RX,1.69,328
10:41:54.932,RX,1.19,329
10:41:55.051,RX,-0.50,330
10:41:55.172,RX,-3.90,331
10:41:55.291,RX,-3.00,332
10:41:55.412,RX,-2.30,333
10:41:55.531,RX,-2.00,334
10:41:55.652,RX,-1.60,335
10:41:55.771,RX,-0.80,336
10:41:55.891,RX,-0.50,337
10:41:56.011,RX,-0.60,338
10:41:56.131,RX,0.09,339
10:41:56.250,RX,0.29,340
10:41:56.371,RX,0.69,341
10:41:56.491,RX,3.19,342
10:41:56.611,RX,3.59,343
10:41:56.731,RX,3.09,344
10:41:56.851,RX,2.39,345
10:41:56.971,RX,1.99,346
10:41:57.090,RX,2.09,347
10:41:57.211,RX,2.09,348
10:41:57.331,RX,1.79,349
10:41:57.450,RX,1.69,350
10:41:57.571,RX,1.29,351
10:41:57.661,RX,1.29,352
10:41:57.809,RX,0.69,353
10:41:57.931,RX,0.00,354
10:41:58.051,RX,-1.60,355
10:41:58.172,RX,-2.00,356
10:41:58.291,RX,-2.50,357
10:41:58.411,RX,-2.40,358
10:41:58.531,RX,-2.40,359
10:41:58.651,RX,-1.80,360
10:41:58.770,RX,-1.40,361
10:41:58.889,RX,-1.10,362
10:41:59.011,RX,-0.30,363
10:41:59.131,RX,-0.20,364
10:41:59.251,RX,0.49,365
10:41:59.370,RX,2.69,366
10:41:59.491,RX,3.89,367
10:41:59.611,RX,3.69,368
10:41:59.731,RX,2.79,369
10:41:59.850,RX,1.59,370
10:41:59.971,RX,1.89,371
10:42:00.091,RX,1.49,372
10:42:00.211,RX,1.19,373
10:42:00.330,RX,1.19,374
10:42:00.451,RX,1.29,375
10:42:00.572,RX,0.39,376
10:42:00.691,RX,-1.80,377
10:42:00.812,RX,-2.60,378
10:42:00.931,RX,-2.50,379
10:42:01.052,RX,-2.80,380
10:42:01.172,RX,-1.80,381
10:42:01.291,RX,-1.10,382
10:42:01.410,RX,-0.80,383
10:42:01.531,RX,-0.90,384
10:42:01.652,RX,0.39,385
10:42:01.772,RX,0.89,386
10:42:01.890,RX,3.09,387
10:42:02.011,RX,4.09,388
10:42:02.131,RX,4.69,389
10:42:02.251,RX,3.19,390
10:42:02.371,RX,3.09,391
10:42:02.491,RX,2.29,392
10:42:02.611,RX,1.99,393
10:42:02.730,RX,2.29,394
10:42:02.851,RX,2.19,395
10:42:02.971,RX,2.09,396
10:42:03.091,RX,2.49,397
10:42:03.212,RX,2.49,398
10:42:03.331,RX,1.79,399
10:42:03.451,RX,1.09,400
10:42:03.570,RX,-3.90,401
10:42:03.691,RX,-7.60,402
10:42:03.811,RX,-4.10,403
10:42:03.930,RX,-5.00,404
10:42:04.051,RX,-4.70,405
10:42:04.172,RX,-5.40,406
10:42:04.291,RX,-1.00,407
10:42:04.411,RX,-4.40,408
10:42:04.531,RX,-7.10,409
10:42:04.651,RX,1.49,410
10:42:04.771,RX,5.69,411
10:42:04.891,RX,4.99,412
10:42:05.011,RX,4.49,413
10:42:05.131,RX,3.49,414
10:42:05.250,RX,3.49,415
10:42:05.371,RX,3.29,416
10:42:05.491,RX,3.79,417
10:42:05.610,RX,-0.90,418
10:42:05.730,RX,-6.40,419
10:42:05.851,RX,-5.50,420
10:42:05.970,RX,-3.40,421
10:42:06.090,RX,-2.50,422
10:42:06.211,RX,-4.40,423
10:42:06.330,RX,-2.10,424
10:42:06.450,RX,1.69,425
10:42:06.571,RX,7.09,426
10:42:06.691,RX,5.59,427
10:42:06.811,RX,5.49,428
10:42:06.932,RX,4.29,429
10:42:07.051,RX,4.89,430
10:42:07.171,RX,5.79,431
10:42:07.291,RX,3.69,432
10:42:07.411,RX,0.00,433
10:42:07.531,RX,-2.40,434
10:42:07.651,RX,-8.50,435
10:42:07.772,RX,-3.70,436
10:42:07.891,RX,-2.80,437
10:42:08.011,RX,-2.40,438
10:42:08.131,RX,-2.80,439
10:42:08.251,RX,-1.20,440
10:42:08.371,RX,0.59,441
10:42:08.491,RX,3.19,442
10:42:08.611,RX,5.19,443
10:42:08.732,RX,4.49,444
10:42:08.851,RX,3.19,445
10:42:08.971,RX,3.29,446
10:42:09.090,RX,2.79,447
10:42:09.211,RX,3.59,448
10:42:09.331,RX,0.99,449
10:42:09.450,RX,-2.20,450
10:42:09.571,RX,-6.10,451
10:42:09.691,RX,-5.00,452
10:42:09.812,RX,-1.40,453
10:42:09.931,RX,-1.30,454
10:42:10.050,RX,-2.80,455
10:42:10.171,RX,-3.10,456
10:42:10.291,RX,0.79,457
10:42:10.411,RX,1.89,458
10:42:10.531,RX,4.99,459
10:42:10.676,RX,5.59,460
10:42:10.772,RX,5.59,461
10:42:10.891,RX,4.89,462
10:42:11.011,RX,3.79,463
10:42:11.131,RX,2.69,464
10:42:11.250,RX,1.89,465
10:42:11.371,RX,-1.20,466
10:42:11.490,RX,-3.60,467
10:42:11.611,RX,-3.50,468
10:42:11.760,RX,-1.90,469
10:42:11.851,RX,-1.70,470
10:42:11.971,RX,-1.70,471
10:42:12.091,RX,-1.20,472
10:42:12.211,RX,0.59,473
10:42:12.331,RX,2.79,474
10:42:12.451,RX,4.79,475
10:42:12.572,RX,4.99,476
10:42:12.691,RX,4.29,477
10:42:12.811,RX,2.99,478
10:42:12.931,RX,2.49,479
10:42:13.051,RX,3.19,480
10:42:13.171,RX,0.69,481
10:42:13.291,RX,-2.00,482
10:42:13.411,RX,-3.30,483
10:42:13.530,RX,-2.30,484
10:42:13.651,RX,-1.70,485
10:42:13.772,RX,-3.20,486
10:42:13.891,RX,-2.10,487
10:42:14.011,RX,0.49,488
10:42:14.131,RX,1.89,489
10:42:14.251,RX,7.89,490
10:42:14.372,RX,7.19,491
10:42:14.491,RX,5.49,492
10:42:14.611,RX,5.69,493
10:42:14.730,RX,2.79,494
10:42:14.851,RX,3.69,495
10:42:14.971,RX,0.00,496
10:42:15.090,RX,-4.00,497
10:42:15.211,RX,-6.10,498
10:42:15.331,RX,-4.70,499
10:42:15.451,RX,-2.30,500
10:42:15.571,RX,-2.90,501
10:42:15.691,RX,-2.40,502
10:42:15.811,RX,-2.70,503
10:42:15.931,RX,0.39,504
10:42:16.051,RX,1.19,505
10:42:16.171,RX,6.99,506
10:42:16.291,RX,7.09,507
10:42:16.411,RX,5.89,508
10:42:16.530,RX,6.39,509
10:42:16.651,RX,4.89,510
10:42:16.771,RX,6.89,511
10:42:16.891,RX,4.79,512
10:42:17.011,RX,-5.60,513
10:42:17.130,RX,-10.80,514
10:42:17.251,RX,-8.30,515
10:42:17.372,RX,-7.80,516
10:42:17.491,RX,-8.70,517
10:42:17.610,RX,-10.40,518
10:42:17.731,RX,-15.80,519
10:42:17.851,RX,0.09,520
10:42:17.971,RX,2.69,521
10:42:18.090,RX,4.39,522
10:42:18.211,RX,4.69,523
10:42:18.331,RX,5.49,524
10:42:18.451,RX,4.49,525
10:42:18.571,RX,2.89,526
10:42:18.691,RX,1.79,527
10:42:18.812,RX,0.19,528
10:42:18.931,RX,-7.60,529
10:42:19.051,RX,-1.70,530
10:42:19.170,RX,-1.50,531
10:42:19.291,RX,-1.70,532
10:42:19.411,RX,-1.20,533
10:42:19.531,RX,0.09,534
10:42:19.651,RX,0.79,535
10:42:19.771,RX,1.89,536
10:42:19.891,RX,4.79,537
10:42:20.011,RX,5.79,538
10:42:20.131,RX,4.89,539
10:42:20.251,RX,4.59,540
10:42:20.371,RX,2.99,541
10:42:20.491,RX,2.69,542
10:42:20.610,RX,0.89,543
10:42:20.736,RX,-2.10,544
10:42:20.850,RX,-4.00,545
10:42:20.970,RX,-5.20,546
10:42:21.090,RX,-2.50,547
10:42:21.210,RX,-2.20,548
10:42:21.330,RX,-2.40,549
10:42:21.450,RX,0.49,550
10:42:21.571,RX,4.29,551
10:42:21.690,RX,8.99,552
10:42:21.811,RX,6.39,553
10:42:21.931,RX,5.29,554
10:42:22.051,RX,3.89,555
10:42:22.171,RX,2.89,556
10:42:22.291,RX,2.69,557
10:42:22.411,RX,1.39,558
10:42:22.531,RX,-4.50,559
10:42:22.652,RX,-5.40,560
10:42:22.770,RX,-5.20,561
10:42:22.891,RX,-2.40,562
10:42:23.043,RX,-2.70,563
10:42:23.131,RX,-1.70,564
10:42:23.254,RX,1.19,565
10:42:23.372,RX,6.19,566
10:42:23.489,RX,14.09,567
10:42:23.610,RX,9.59,568
10:42:23.732,RX,6.69,569
10:42:23.851,RX,7.59,570
10:42:23.972,RX,1.39,571
10:42:24.091,RX,1.29,572
10:42:24.212,RX,-4.30,573
10:42:24.331,RX,-9.10,574
10:42:24.452,RX,-11.20,575
10:42:24.571,RX,-8.90,576
10:42:24.690,RX,-7.00,577
10:42:24.812,RX,-2.30,578
10:42:24.931,RX,1.39,579
10:42:25.051,RX,8.09,580
10:42:25.171,RX,10.69,581
10:42:25.290,RX,5.59,582
10:42:25.411,RX,3.29,583
10:42:25.529,RX,0.59,584
10:42:25.653,RX,1.69,585
10:42:25.771,RX,0.59,586
10:42:25.892,RX,-3.50,587
10:42:26.010,RX,-9.10,588
10:42:26.131,RX,-5.40,589
10:42:26.253,RX,-2.20,590
10:42:26.370,RX,0.39,591
10:42:26.490,RX,-0.20,592
10:42:26.610,RX,0.19,593
10:42:26.730,RX,1.39,594
10:42:26.851,RX,6.59,595
10:42:26.971,RX,12.29,596
10:42:27.091,RX,5.89,597
10:42:27.211,RX,4.59,598
10:42:27.331,RX,3.39,599
10:42:27.451,RX,1.59,600
10:42:27.571,RX,0.69,601
10:42:27.691,RX,-4.20,602
10:42:27.812,RX,-8.50,603
10:42:27.931,RX,-7.10,604
10:42:28.052,RX,-2.70,605
10:42:28.173,RX,1.19,606
10:42:28.291,RX,1.79,607
10:42:28.411,RX,0.59,608
10:42:28.531,RX,0.29,609
10:42:28.651,RX,3.19,610
10:42:28.770,RX,9.79,611
10:42:28.892,RX,7.69,612
10:42:29.011,RX,5.09,613
10:42:29.131,RX,5.69,614
10:42:29.251,RX,1.39,615
10:42:29.371,RX,1.49,616
10:42:29.491,RX,0.00,617
10:42:29.611,RX,-2.80,618
10:42:29.731,RX,-8.60,619
10:42:29.853,RX,-4.50,620
10:42:29.971,RX,-3.30,621
10:42:30.091,RX,-5.40,622
10:42:30.210,RX,-2.90,623
10:42:30.331,RX,-0.50,624
10:42:30.451,RX,4.09,625
10:42:30.571,RX,14.79,626
10:42:30.691,RX,9.19,627
10:42:30.811,RX,4.89,628
10:42:30.931,RX,5.29,629
10:42:31.052,RX,5.39,630
10:42:31.171,RX,3.49,631
10:42:31.291,RX,0.59,632
10:42:31.412,RX,-1.90,633
10:42:31.531,RX,-3.30,634
10:42:31.651,RX,-4.40,635
10:42:31.770,RX,-0.90,636
10:42:31.891,RX,-1.40,637
10:42:32.011,RX,-3.00,638
10:42:32.131,RX,-0.50,639
10:42:32.251,RX,0.39,640
10:42:32.372,RX,2.09,641
10:42:32.491,RX,5.69,642
10:42:32.611,RX,5.79,643
10:42:32.729,RX,4.39,644
10:42:32.851,RX,4.29,645
10:42:32.971,RX,1.59,646
10:42:33.091,RX,2.59,647
10:42:33.211,RX,1.29,648
10:42:33.331,RX,-2.60,649
10:42:33.452,RX,-8.00,650
10:42:33.571,RX,-5.30,651
10:42:33.691,RX,-2.60,652
10:42:33.811,RX,-3.40,653
10:42:33.938,RX,-2.00,654
10:42:34.051,RX,-0.50,655
10:42:34.171,RX,1.29,656
10:42:34.291,RX,6.09,657
10:42:34.411,RX,6.89,658
10:42:34.531,RX,5.79,659
10:42:34.651,RX,5.29,660
10:42:34.771,RX,4.29,661
10:42:34.891,RX,5.19,662
10:42:35.011,RX,1.59,663
10:42:35.131,RX,-2.50,664
10:42:35.252,RX,-2.70,665
10:42:35.373,RX,-6.50,666
10:42:35.491,RX,-2.70,667
10:42:35.609,RX,-3.30,668
10:42:35.729,RX,-1.30,669
10:42:35.851,RX,0.49,670
10:42:35.971,RX,0.99,671
10:42:36.092,RX,3.09,672
10:42:36.211,RX,4.89,673
10:42:36.331,RX,4.69,674
10:42:36.451,RX,3.99,675
10:42:36.571,RX,4.09,676
10:42:36.691,RX,1.19,677
10:42:36.811,RX,0.59,678
10:42:36.930,RX,-0.10,679
10:42:37.051,RX,-1.70,680
10:42:37.170,RX,-5.80,681
10:42:37.290,RX,-4.40,682
10:42:37.410,RX,-4.30,683
10:42:37.531,RX,-0.40,684
10:42:37.650,RX,4.29,685
10:42:37.770,RX,5.19,686
10:42:37.890,RX,4.99,687
10:42:38.010,RX,6.39,688
10:42:38.130,RX,4.89,689
10:42:38.251,RX,6.59,690
10:42:38.370,RX,2.89,691
10:42:38.490,RX,0.19,692
10:42:38.610,RX,-5.20,693
10:42:38.730,RX,-1.90,694
10:42:38.851,RX,-1.40,695
10:42:38.970,RX,-0.90,696
10:42:39.090,RX,-3.20,697
10:42:39.210,RX,0.09,698
10:42:39.330,RX,1.19,699
10:42:39.451,RX,4.59,700
10:42:39.570,RX,3.79,701
10:42:39.690,RX,3.69,702
10:42:39.810,RX,3.29,703
10:42:39.930,RX,2.49,704
10:42:40.052,RX,1.39,705
10:42:40.172,RX,0.39,706
10:42:40.291,RX,-0.80,707
10:42:40.411,RX,-6.20,708
10:42:40.530,RX,-4.00,709
10:42:40.621,RX,-2.10,710
10:42:40.772,RX,-1.40,711
10:42:40.890,RX,0.39,712
10:42:41.012,RX,0.29,713
10:42:41.132,RX,0.09,714
10:42:41.251,RX,1.19,715
10:42:41.371,RX,5.29,716
10:42:41.492,RX,5.49,717
10:42:41.612,RX,3.69,718
10:42:41.732,RX,2.39,719
10:42:41.852,RX,1.99,720
10:42:41.970,RX,0.99,721
10:42:42.091,RX,0.69,722
10:42:42.211,RX,-2.00,723
10:42:42.332,RX,-11.90,724
10:42:42.451,RX,-27.40,725
10:42:42.571,RX,-46.10,726
10:42:42.691,RX,-56.00,727
10:42:42.811,RX,-43.10,728
10:42:42.931,RX,1.39,729
10:42:43.051,RX,2.29,730
10:42:43.171,RX,3.69,731
10:42:43.292,RX,3.59,732
10:42:43.411,RX,3.29,733
10:42:43.531,RX,2.59,734
10:42:43.651,RX,1.19,735
10:42:43.771,RX,0.49,736
10:42:43.892,RX,-1.10,737
10:42:44.010,RX,-1.90,738
10:42:44.131,RX,-1.30,739
10:42:44.251,RX,-0.70,740
10:42:44.371,RX,-0.90,741
10:42:44.491,RX,0.49,742
10:42:44.611,RX,1.79,743
10:42:44.732,RX,3.69,744
10:42:44.851,RX,3.99,745
10:42:44.971,RX,3.19,746
10:42:45.091,RX,1.79,747
10:42:45.211,RX,0.69,748
10:42:45.331,RX,-0.30,749
10:42:45.451,RX,0.00,750
10:42:45.571,RX,0.49,751
10:42:45.692,RX,-0.20,752
10:42:45.811,RX,-1.10,753
10:42:45.931,RX,-0.60,754
10:42:46.052,RX,-0.30,755
10:42:46.170,RX,0.00,756
10:42:46.291,RX,0.00,757
10:42:46.411,RX,1.29,758
10:42:46.532,RX,1.59,759
10:42:46.650,RX,4.39,760
10:42:46.772,RX,3.39,761
10:42:46.891,RX,3.59,762
10:42:47.010,RX,3.29,763
10:42:47.131,RX,2.09,764
10:42:47.251,RX,1.89,765
10:42:47.371,RX,-0.60,766
10:42:47.492,RX,-2.80,767
10:42:47.612,RX,-2.80,768
10:42:47.731,RX,-1.30,769
10:42:47.851,RX,-1.30,770
10:42:47.971,RX,-2.40,771
10:42:48.090,RX,0.09,772
10:42:48.211,RX,1.19,773
10:42:48.333,RX,3.49,774
10:42:48.451,RX,4.69,775
10:42:48.570,RX,3.79,776
10:42:48.690,RX,4.49,777
10:42:48.811,RX,3.89,778
10:42:48.932,RX,1.29,779
10:42:49.051,RX,3.19,780
10:42:49.171,RX,0.69,781
10:42:49.291,RX,-5.50,782
10:42:49.410,RX,-4.10,783
10:42:49.531,RX,-2.10,784
10:42:49.651,RX,-1.60,785
10:42:49.771,RX,-2.10,786
10:42:49.891,RX,-0.80,787
10:42:50.011,RX,0.49,788
10:42:50.132,RX,2.49,789
10:42:50.251,RX,5.19,790
10:42:50.372,RX,4.19,791
10:42:50.491,RX,2.79,792
10:42:50.611,RX,2.39,793
10:42:50.731,RX,1.99,794
10:42:50.851,RX,1.09,795
10:42:50.971,RX,0.59,796
10:42:51.091,RX,-1.10,797
10:42:51.211,RX,-3.10,798
10:42:51.331,RX,-4.80,799
10:42:51.451,RX,-0.80,800
10:42:51.571,RX,-1.00,801
10:42:51.691,RX,-0.70,802
10:42:51.811,RX,0.09,803
10:42:51.931,RX,0.89,804
10:42:52.050,RX,1.39,805
10:42:52.169,RX,3.29,806
10:42:52.292,RX,5.79,807
10:42:52.411,RX,5.89,808
10:42:52.532,RX,4.49,809
10:42:52.650,RX,1.09,810
10:42:52.771,RX,2.19,811
10:42:52.892,RX,0.69,812
10:42:53.011,RX,0.19,813
10:42:53.131,RX,-2.30,814
10:42:53.251,RX,-2.30,815
10:42:53.371,RX,-2.60,816
10:42:53.491,RX,-2.50,817
10:42:53.612,RX,-2.30,818
10:42:53.732,RX,-0.60,819
10:42:53.851,RX,0.79,820
10:42:53.971,RX,5.79,821
10:42:54.093,RX,5.59,822
10:42:54.211,RX,4.79,823
10:42:54.331,RX,3.69,824
10:42:54.451,RX,4.19,825
10:42:54.571,RX,4.09,826
10:42:54.692,RX,3.39,827
10:42:54.812,RX,1.49,828
10:42:54.931,RX,-0.40,829
10:42:55.050,RX,-2.80,830
10:42:55.169,RX,-3.60,831
10:42:55.290,RX,-1.50,832
10:42:55.411,RX,-2.10,833
10:42:55.531,RX,-1.20,834
10:42:55.651,RX,-1.30,835
10:42:55.771,RX,0.59,836
10:42:55.891,RX,2.79,837
10:42:56.011,RX,5.29,838
10:42:56.132,RX,4.99,839
10:42:56.251,RX,3.69,840
10:42:56.371,RX,3.19,841
10:42:56.492,RX,0.99,842
10:42:56.611,RX,0.89,843
10:42:56.731,RX,0.29,844
10:42:56.851,RX,-1.60,845
10:42:56.971,RX,-4.00,846
10:42:57.091,RX,-1.60,847
10:42:57.211,RX,-0.70,848
10:42:57.331,RX,-1.80,849
10:42:57.451,RX,-0.10,850
10:42:57.571,RX,0.79,851
10:42:57.691,RX,1.29,852
10:42:57.811,RX,7.99,853
10:42:57.931,RX,9.09,854
10:42:58.051,RX,5.49,855
10:42:58.171,RX,4.19,856
10:42:58.292,RX,2.79,857
10:42:58.411,RX,1.29,858
10:42:58.531,RX,0.89,859
10:42:58.651,RX,-0.40,860
10:42:58.772,RX,-3.60,861
10:42:58.891,RX,-2.60,862
10:42:59.011,RX,-1.00,863
10:42:59.131,RX,-1.10,864
10:42:59.250,RX,-1.50,865
10:42:59.372,RX,-0.20,866
10:42:59.489,RX,0.59,867
10:42:59.611,RX,2.49,868
10:42:59.732,RX,6.79,869
10:42:59.850,RX,5.19,870
10:42:59.971,RX,4.69,871
10:43:00.091,RX,3.09,872
10:43:00.212,RX,1.89,873
10:43:00.331,RX,1.19,874
10:43:00.452,RX,-0.30,875
10:43:00.572,RX,-4.40,876
10:43:00.691,RX,-2.60,877
10:43:00.814,RX,-1.00,878
10:43:00.931,RX,-1.50,879
10:43:01.051,RX,0.19,880
10:43:01.172,RX,0.89,881
10:43:01.291,RX,0.79,882
10:43:01.410,RX,0.79,883
10:43:01.529,RX,0.69,884
10:43:01.651,RX,0.69,885
10:43:01.771,RX,0.59,886
10:43:01.891,RX,0.59,887
10:43:02.014,RX,0.99,888
10:43:02.132,RX,2.39,889
10:43:02.250,RX,1.09,890
10:43:02.371,RX,0.69,891
10:43:02.491,RX,0.39,892
10:43:02.610,RX,0.09,893
10:43:02.732,RX,0.49,894
10:43:02.851,RX,0.89,895
10:43:02.973,RX,1.09,896
10:43:03.091,RX,1.09,897
10:43:03.213,RX,1.29,898
10:43:03.331,RX,0.99,899
10:43:03.450,RX,1.09,900
10:43:03.570,RX,0.99,901
10:43:03.692,RX,0.59,902
10:43:03.812,RX,0.79,903
10:43:03.931,RX,0.79,904
10:43:04.050,RX,0.79,905
10:43:04.171,RX,0.69,906
10:43:04.291,RX,0.89,907
10:43:04.412,RX,0.99,908
10:43:04.532,RX,0.79,909
10:43:04.651,RX,0.99,910
10:43:04.771,RX,0.99,911
10:43:04.892,RX,0.89,912
10:43:05.012,RX,1.09,913
10:43:05.131,RX,1.29,914
10:43:05.257,RX,1.69,915
10:43:05.372,RX,1.99,916
10:43:05.490,RX,1.49,917
10:43:05.612,RX,1.49,918
10:43:05.731,RX,1.19,919
10:43:05.852,RX,1.29,920
10:43:05.971,RX,1.09,921
10:43:06.091,RX,0.99,922
10:43:06.213,RX,1.19,923
10:43:06.331,RX,1.39,924
10:43:06.451,RX,1.19,925
10:43:06.572,RX,2.09,926
10:43:06.692,RX,2.39,927
10:43:06.813,RX,2.09,928
10:43:06.932,RX,1.59,929
10:43:07.052,RX,1.39,930
10:43:07.171,RX,1.09,931
10:43:07.292,RX,1.09,932
10:43:07.411,RX,1.19,933
10:43:07.531,RX,1.09,934
10:43:07.652,RX,1.09,935
10:43:07.772,RX,0.99,936
10:43:07.891,RX,1.39,937
10:43:08.011,RX,1.89,938
10:43:08.131,RX,1.99,939
10:43:08.251,RX,1.89,940
10:43:08.371,RX,1.59,941
10:43:08.492,RX,1.29,942
10:43:08.611,RX,1.39,943
10:43:08.729,RX,1.29,944
10:43:08.850,RX,0.99,945
10:43:08.971,RX,0.89,946
10:43:09.092,RX,1.29,947
10:43:09.211,RX,0.99,948
10:43:09.331,RX,1.09,949
10:43:09.452,RX,1.29,950
10:43:09.572,RX,1.09,951
10:43:09.691,RX,1.69,952
10:43:09.812,RX,2.29,953
10:43:09.932,RX,2.49,954
10:43:10.051,RX,1.89,955
10:43:10.172,RX,1.39,956
10:43:10.292,RX,1.19,957
10:43:10.411,RX,1.29,958
10:43:10.532,RX,1.29,959
10:43:10.654,RX,1.19,960
10:43:10.772,RX,1.19,961
10:43:10.892,RX,1.19,962
10:43:11.010,RX,1.49,963
10:43:11.131,RX,1.49,964
10:43:11.252,RX,1.39,965
10:43:11.371,RX,1.39,966
10:43:11.491,RX,1.39,967
10:43:11.609,RX,1.49,968
10:43:11.730,RX,1.39,969
10:43:11.850,RX,1.49,970
10:43:11.971,RX,1.39,971
10:43:12.090,RX,1.39,972
10:43:12.210,RX,1.39,973
10:43:12.331,RX,1.29,974
10:43:12.450,RX,1.29,975
10:43:12.570,RX,1.39,976
10:43:12.692,RX,1.49,977
10:43:12.811,RX,1.39,978
10:43:12.931,RX,1.39,979
10:43:13.052,RX,1.29,980
10:43:13.171,RX,1.29,981
10:43:13.291,RX,1.39,982
10:43:13.411,RX,1.39,983
10:43:13.531,RX,1.49,984
10:43:13.651,RX,1.39,985
10:43:13.771,RX,1.59,986
10:43:13.892,RX,1.29,987
10:43:14.011,RX,1.39,988
10:43:14.132,RX,1.29,989
10:43:14.251,RX,1.29,990
10:43:14.370,RX,1.39,991
10:43:14.490,RX,1.39,992
10:43:14.611,RX,1.59,993
10:43:14.731,RX,1.49,994
10:43:14.852,RX,1.19,995
10:43:14.972,RX,1.49,996
10:43:15.091,RX,1.29,997
10:43:15.212,RX,1.59,998
10:43:15.332,RX,1.49,999
10:43:15.450,RX,1.49,1000
10:43:15.571,RX,1.29,1001
10:43:15.692,RX,1.59,1002
10:43:15.811,RX,1.49,1003
10:43:15.931,RX,1.49,1004
10:43:16.050,RX,1.69,1005
10:43:16.172,RX,1.49,1006
10:43:16.292,RX,1.49,1007
10:43:16.411,RX,1.69,1008
10:43:16.531,RX,1.29,1009
10:43:16.651,RX,1.59,1010
10:43:16.771,RX,1.39,1011
10:43:16.891,RX,1.29,1012
10:43:17.040,RX,1.49,1013
10:43:17.132,RX,1.59,1014
10:43:17.251,RX,1.29,1015
10:43:17.371,RX,1.59,1016
10:43:17.490,RX,1.49,1017
10:43:17.610,RX,1.49,1018
10:43:17.732,RX,1.49,1019
10:43:17.851,RX,1.49,1020
10:43:17.972,RX,1.49,1021
10:43:18.092,RX,1.19,1022
10:43:18.212,RX,1.29,1023
10:43:18.331,RX,1.39,1024
10:43:18.453,RX,1.49,1025
10:43:18.571,RX,1.49,1026
10:43:18.691,RX,1.19,1027
10:43:18.812,RX,1.49,1028
10:43:18.932,RX,1.49,1029
10:43:19.051,RX,1.49,1030
10:43:19.171,RX,1.29,1031
10:43:19.291,RX,1.39,1032
10:43:19.411,RX,1.59,1033
10:43:19.531,RX,1.59,1034
10:43:19.651,RX,1.49,1035
10:43:19.771,RX,1.49,1036
10:43:19.892,RX,1.39,1037
10:43:20.011,RX,1.59,1038
10:43:20.131,RX,1.59,1039
10:43:20.251,RX,1.79,1040
10:43:20.371,RX,1.59,1041
10:43:20.491,RX,1.59,1042
10:43:20.611,RX,1.59,1043
10:43:20.738,RX,1.49,1044
10:43:20.851,RX,1.39,1045
10:43:20.971,RX,1.49,1046
10:43:21.092,RX,1.49,1047
10:43:21.211,RX,1.49,1048
10:43:21.332,RX,1.59,1049
10:43:21.451,RX,1.39,1050
10:43:21.571,RX,1.49,1051
10:43:21.692,RX,1.39,1052
10:43:21.812,RX,1.59,1053
10:43:21.931,RX,1.29,1054
10:43:22.052,RX,1.49,1055
10:43:22.170,RX,1.29,1056
10:43:22.291,RX,1.49,1057
10:43:22.411,RX,1.39,1058
10:43:22.530,RX,1.69,1059
10:43:22.651,RX,1.19,1060
10:43:22.771,RX,1.39,1061
10:43:22.891,RX,1.49,1062
10:43:23.011,RX,1.29,1063
10:43:23.131,RX,1.19,1064
10:43:23.251,RX,1.19,1065
10:43:23.371,RX,1.39,1066
10:43:23.492,RX,1.29,1067
10:43:23.611,RX,1.39,1068
10:43:23.731,RX,1.29,1069
10:43:23.852,RX,1.19,1070
10:43:23.971,RX,1.29,1071
10:43:24.091,RX,1.39,1072
10:43:24.213,RX,1.69,1073
10:43:24.331,RX,1.39,1074
10:43:24.451,RX,1.39,1075
10:43:24.571,RX,1.39,1076
10:43:24.690,RX,1.39,1077
10:43:24.811,RX,1.59,1078
10:43:24.931,RX,1.49,1079
10:43:25.051,RX,1.49,1080
10:43:25.170,RX,1.29,1081
10:43:25.291,RX,1.49,1082
10:43:25.411,RX,1.59,1083
10:43:25.531,RX,1.49,1084
10:43:25.651,RX,1.59,1085
10:43:25.770,RX,1.39,1086
10:43:25.891,RX,1.49,1087
10:43:26.011,RX,1.19,1088
10:43:26.129,RX,1.39,1089
10:43:26.251,RX,1.39,1090
10:43:26.370,RX,1.29,1091
10:43:26.490,RX,1.29,1092
10:43:26.611,RX,1.29,1093
10:43:26.731,RX,1.59,1094
10:43:26.851,RX,1.49,1095
10:43:26.970,RX,1.39,1096
10:43:27.091,RX,1.39,1097
10:43:27.211,RX,1.39,1098
10:43:27.330,RX,1.39,1099
10:43:27.451,RX,1.39,1100
10:43:27.570,RX,1.39,1101
10:43:27.690,RX,1.29,1102
10:43:27.811,RX,1.39,1103
10:43:27.931,RX,1.39,1104
10:43:28.051,RX,1.39,1105
10:43:28.171,RX,1.49,1106
10:43:28.291,RX,1.39,1107
10:43:28.411,RX,1.39,1108
10:43:28.531,RX,1.29,1109
10:43:28.651,RX,1.39,1110
10:43:28.771,RX,1.39,1111
10:43:28.891,RX,1.39,1112
10:43:29.012,RX,1.49,1113
10:43:29.131,RX,1.39,1114
10:43:29.251,RX,1.49,1115
10:43:29.372,RX,1.49,1116
10:43:29.491,RX,1.39,1117
10:43:29.612,RX,1.39,1118
10:43:29.732,RX,1.39,1119
10:43:29.851,RX,1.49,1120
10:43:29.971,RX,1.39,1121
10:43:30.092,RX,1.49,1122
10:43:30.211,RX,1.39,1123
10:43:30.330,RX,1.49,1124
10:43:30.451,RX,1.49,1125
10:43:30.575,RX,1.19,1126
10:43:30.692,RX,1.29,1127
10:43:30.812,RX,1.49,1128
10:43:30.931,RX,1.39,1129
10:43:31.051,RX,1.69,1130
10:43:31.171,RX,1.39,1131
10:43:31.291,RX,1.39,1132
10:43:31.411,RX,1.49,1133
10:43:31.532,RX,1.69,1134
10:43:31.651,RX,1.49,1135
10:43:31.770,RX,1.49,1136
10:43:31.891,RX,1.49,1137
10:43:32.011,RX,1.49,1138
10:43:32.131,RX,1.69,1139
10:43:32.250,RX,1.39,1140
10:43:32.370,RX,1.59,1141
10:43:32.491,RX,1.49,1142
10:43:32.611,RX,1.29,1143
10:43:32.731,RX,1.49,1144
10:43:32.851,RX,1.69,1145
10:43:32.971,RX,1.59,1146
10:43:33.091,RX,1.29,1147
10:43:33.212,RX,1.09,1148
10:43:33.331,RX,1.29,1149
10:43:33.451,RX,1.39,1150
10:43:33.572,RX,1.09,1151
10:43:33.692,RX,1.29,1152
10:43:33.811,RX,1.09,1153
10:43:33.932,RX,1.09,1154
10:43:34.052,RX,1.09,1155
10:43:34.171,RX,0.99,1156
10:43:34.320,RX,0.99,1157
10:43:34.412,RX,1.19,1158
10:43:34.531,RX,0.79,1159
10:43:34.652,RX,1.19,1160
10:43:34.773,RX,0.99,1161
10:43:34.892,RX,1.09,1162
10:43:35.012,RX,0.99,1163
10:43:35.131,RX,0.99,1164
10:43:35.251,RX,0.99,1165
10:43:35.370,RX,1.09,1166
10:43:35.491,RX,0.99,1167
10:43:35.611,RX,1.09,1168
10:43:35.731,RX,1.09,1169
10:43:35.852,RX,0.99,1170
10:43:35.971,RX,1.09,1171
10:43:36.091,RX,1.19,1172
10:43:36.212,RX,0.99,1173
10:43:36.331,RX,1.09,1174
10:43:36.451,RX,0.99,1175
10:43:36.572,RX,0.99,1176
10:43:36.691,RX,0.79,1177
10:43:36.812,RX,0.99,1178
10:43:36.931,RX,1.09,1179
10:43:37.051,RX,1.19,1180
10:43:37.172,RX,0.99,1181
10:43:37.292,RX,1.29,1182
10:43:37.412,RX,1.19,1183
10:43:37.532,RX,1.29,1184
10:43:37.652,RX,1.19,1185
10:43:37.771,RX,1.39,1186
10:43:37.892,RX,1.29,1187
10:43:38.012,RX,1.19,1188
10:43:38.131,RX,1.29,1189
10:43:38.252,RX,1.39,1190
10:43:38.370,RX,1.49,1191
10:43:38.493,RX,1.19,1192
10:43:38.613,RX,1.29,1193
10:43:38.731,RX,1.39,1194
10:43:38.851,RX,1.49,1195
10:43:38.972,RX,1.29,1196
10:43:39.093,RX,1.39,1197
10:43:39.212,RX,1.39,1198
10:43:39.331,RX,1.39,1199
10:43:39.451,RX,1.29,1200
10:43:39.570,RX,1.39,1201
10:43:39.692,RX,1.49,1202
10:43:39.813,RX,1.39,1203
10:43:39.931,RX,1.39,1204
10:43:40.052,RX,1.49,1205
10:43:40.171,RX,1.59,1206
10:43:40.293,RX,1.29,1207
10:43:40.413,RX,1.49,1208
10:43:40.530,RX,1.29,1209
10:43:40.652,RX,1.39,1210
10:43:40.771,RX,1.49,1211
10:43:40.891,RX,1.49,1212
10:43:41.011,RX,1.59,1213
10:43:41.131,RX,1.69,1214
10:43:41.252,RX,1.49,1215
10:43:41.371,RX,1.39,1216
10:43:41.491,RX,1.49,1217
10:43:41.612,RX,1.39,1218
10:43:41.731,RX,1.39,1219
10:43:41.851,RX,1.39,1220
10:43:41.972,RX,1.39,1221
10:43:42.092,RX,1.39,1222
10:43:42.213,RX,1.39,1223
10:43:42.302,RX,1.39,1224
10:43:42.450,RX,1.39,1225
10:43:42.570,RX,1.29,1226
10:43:42.692,RX,1.29,1227
10:43:42.811,RX,1.39,1228
10:43:42.931,RX,1.39,1229
10:43:43.050,RX,1.19,1230
10:43:43.171,RX,1.39,1231
10:43:43.291,RX,1.39,1232
10:43:43.411,RX,1.29,1233
10:43:43.531,RX,0.89,1234
10:43:43.651,RX,1.29,1235
10:43:43.771,RX,1.29,1236
10:43:43.891,RX,1.39,1237
10:43:44.011,RX,1.29,1238
10:43:44.132,RX,1.49,1239
10:43:44.251,RX,1.49,1240
10:43:44.371,RX,1.49,1241
10:43:44.490,RX,1.29,1242
10:43:44.610,RX,1.29,1243
10:43:44.732,RX,1.19,1244
10:43:44.851,RX,1.29,1245
10:43:44.971,RX,1.39,1246
10:43:45.092,RX,1.39,1247
10:43:45.212,RX,1.29,1248
10:43:45.331,RX,1.49,1249
10:43:45.452,RX,1.09,1250
10:43:45.570,RX,1.39,1251
10:43:45.691,RX,1.49,1252
10:43:45.811,RX,1.59,1253
10:43:45.931,RX,1.59,1254
10:43:46.051,RX,1.69,1255
10:43:46.172,RX,1.79,1256
10:43:46.292,RX,1.59,1257
10:43:46.411,RX,1.49,1258
10:43:46.532,RX,1.69,1259
10:43:46.652,RX,1.59,1260
10:43:46.771,RX,1.69,1261
10:43:46.891,RX,1.59,1262
10:43:47.012,RX,1.49,1263
10:43:47.131,RX,1.59,1264
10:43:47.251,RX,1.59,1265
10:43:47.372,RX,1.49,1266
10:43:47.491,RX,1.49,1267
10:43:47.610,RX,1.89,1268
10:43:47.730,RX,1.39,1269
10:43:47.851,RX,1.49,1270
10:43:47.972,RX,1.39,1271
10:43:48.092,RX,1.59,1272
10:43:48.212,RX,1.49,1273
10:43:48.331,RX,1.69,1274
10:43:48.452,RX,1.49,1275
10:43:48.571,RX,1.79,1276
10:43:48.693,RX,1.59,1277
10:43:48.810,RX,1.79,1278
10:43:48.931,RX,1.59,1279
10:43:49.052,RX,1.59,1280
10:43:49.172,RX,1.39,1281
10:43:49.291,RX,1.39,1282
10:43:49.412,RX,1.39,1283
10:43:49.532,RX,1.49,1284
10:43:49.651,RX,1.39,1285
10:43:49.773,RX,1.49,1286
10:43:49.892,RX,1.79,1287
10:43:50.012,RX,1.69,1288
10:43:50.132,RX,1.49,1289
10:43:50.252,RX,1.49,1290
10:43:50.373,RX,1.59,1291
10:43:50.492,RX,1.59,1292
10:43:50.611,RX,1.49,1293
10:43:50.730,RX,1.59,1294
10:43:50.850,RX,1.49,1295
10:43:50.971,RX,1.49,1296
10:43:51.091,RX,1.59,1297
10:43:51.212,RX,1.69,1298
10:43:51.332,RX,1.39,1299
10:43:51.451,RX,1.49,1300
10:43:51.572,RX,1.69,1301
10:43:51.692,RX,1.59,1302
10:43:51.811,RX,1.69,1303
10:43:51.930,RX,1.59,1304
10:43:52.052,RX,1.49,1305
10:43:52.171,RX,1.39,1306
10:43:52.293,RX,1.39,1307
10:43:52.414,RX,1.39,1308
10:43:52.531,RX,1.69,1309
10:43:52.652,RX,1.39,1310
10:43:52.772,RX,1.79,1311
10:43:52.891,RX,1.49,1312
10:43:53.011,RX,1.59,1313
10:43:53.132,RX,1.59,1314
10:43:53.251,RX,1.59,1315
10:43:53.372,RX,1.59,1316
10:43:53.492,RX,1.59,1317
10:43:53.611,RX,1.59,1318
10:43:53.731,RX,1.49,1319
10:43:53.851,RX,1.59,1320
10:43:53.971,RX,1.69,1321
10:43:54.092,RX,1.49,1322
10:43:54.212,RX,1.49,1323
10:43:54.331,RX,1.49,1324
10:43:54.452,RX,1.39,1325
10:43:54.572,RX,1.69,1326
10:43:54.691,RX,1.69,1327
10:43:54.812,RX,1.49,1328
10:43:54.932,RX,1.19,1329
10:43:55.051,RX,1.39,1330
10:43:55.172,RX,1.79,1331
10:43:55.292,RX,1.69,1332
10:43:55.411,RX,1.39,1333
10:43:55.531,RX,1.29,1334
10:43:55.652,RX,1.59,1335
10:43:55.771,RX,1.29,1336
10:43:55.892,RX,1.29,1337
10:43:56.010,RX,2.29,1338
10:43:56.131,RX,0.00,1339
10:43:56.251,RX,2.29,1340
10:43:56.402,RX,2.19,1341
10:43:56.491,RX,1.99,1342
10:43:56.612,RX,1.89,1343
10:43:56.732,RX,1.89,1344
10:43:56.851,RX,1.89,1345
10:43:56.971,RX,1.99,1346
10:43:57.090,RX,1.99,1347
10:43:57.212,RX,1.79,1348
10:43:57.332,RX,1.69,1349
10:43:57.451,RX,2.09,1350
10:43:57.571,RX,1.99,1351
10:43:57.692,RX,1.99,1352
10:43:57.812,RX,1.89,1353
10:43:57.931,RX,2.09,1354
10:43:58.050,RX,1.89,1355
10:43:58.172,RX,1.99,1356
10:43:58.291,RX,1.99,1357
10:43:58.412,RX,2.09,1358
10:43:58.532,RX,2.09,1359
10:43:58.651,RX,1.99,1360
10:43:58.772,RX,1.89,1361
10:43:58.892,RX,2.09,1362
10:43:59.011,RX,1.99,1363
10:43:59.132,RX,1.69,1364
10:43:59.252,RX,2.29,1365
10:43:59.371,RX,2.09,1366
10:43:59.492,RX,2.09,1367
10:43:59.612,RX,1.99,1368
10:43:59.732,RX,2.09,1369
10:43:59.852,RX,1.89,1370
10:43:59.970,RX,1.89,1371
10:44:00.090,RX,1.99,1372
10:44:00.212,RX,1.89,1373
10:44:00.331,RX,1.79,1374
10:44:00.451,RX,1.69,1375
10:44:00.572,RX,1.99,1376
10:44:00.692,RX,1.89,1377
10:44:00.811,RX,1.99,1378
10:44:00.932,RX,1.99,1379
10:44:01.052,RX,2.19,1380
10:44:01.171,RX,1.79,1381
10:44:01.292,RX,1.89,1382
10:44:01.412,RX,1.89,1383
10:44:01.531,RX,1.89,1384
10:44:01.652,RX,1.89,1385
10:44:01.772,RX,1.89,1386
10:44:01.891,RX,1.79,1387
10:44:02.012,RX,1.69,1388
10:44:02.131,RX,1.59,1389
10:44:02.251,RX,1.99,1390
10:44:02.372,RX,1.59,1391
10:44:02.492,RX,1.89,1392
10:44:02.611,RX,1.79,1393
10:44:02.732,RX,1.69,1394
10:44:02.852,RX,1.99,1395
10:44:02.971,RX,1.99,1396
10:44:03.090,RX,1.79,1397
10:44:03.211,RX,1.69,1398
10:44:03.331,RX,1.69,1399
10:44:03.452,RX,1.89,1400
10:44:03.572,RX,1.69,1401
10:44:03.692,RX,1.59,1402
10:44:03.811,RX,1.89,1403
10:44:03.932,RX,1.69,1404
10:44:04.081,RX,1.49,1405
10:44:04.171,RX,1.59,1406
10:44:04.292,RX,1.59,1407
10:44:04.411,RX,1.69,1408
10:44:04.532,RX,1.79,1409
10:44:04.652,RX,1.39,1410
10:44:04.772,RX,1.59,1411
10:44:04.920,RX,1.89,1412
10:44:05.012,RX,1.79,1413
10:44:05.132,RX,1.49,1414
10:44:05.252,RX,1.49,1415
10:44:05.372,RX,1.29,1416
10:44:05.491,RX,1.49,1417
10:44:05.612,RX,1.29,1418
10:44:05.732,RX,1.49,1419
10:44:05.851,RX,1.29,1420
10:44:05.972,RX,1.29,1421
10:44:06.092,RX,1.39,1422
10:44:06.211,RX,1.29,1423
10:44:06.330,RX,1.19,1424
10:44:06.452,RX,1.19,1425
10:44:06.571,RX,1.29,1426
10:44:06.692,RX,1.19,1427
10:44:06.812,RX,1.09,1428
10:44:06.933,RX,1.49,1429
10:44:07.052,RX,1.29,1430
10:44:07.171,RX,1.29,1431
10:44:07.291,RX,1.59,1432
10:44:07.413,RX,1.39,1433
10:44:07.531,RX,1.49,1434
10:44:07.652,RX,1.69,1435
10:44:07.771,RX,1.49,1436
10:44:07.892,RX,1.59,1437
10:44:08.012,RX,1.49,1438
10:44:08.132,RX,1.59,1439
10:44:08.251,RX,1.49,1440
10:44:08.371,RX,1.39,1441
10:44:08.493,RX,1.39,1442
10:44:08.612,RX,1.39,1443
10:44:08.731,RX,1.29,1444
10:44:08.853,RX,1.39,1445
10:44:08.971,RX,1.39,1446
10:44:09.091,RX,1.49,1447
10:44:09.212,RX,1.59,1448
10:44:09.332,RX,1.39,1449
10:44:09.481,RX,1.09,1450
10:44:09.572,RX,1.59,1451
10:44:09.692,RX,1.29,1452
10:44:09.811,RX,1.29,1453
10:44:09.932,RX,1.39,1454
10:44:10.052,RX,1.49,1455
10:44:10.171,RX,1.39,1456
10:44:10.292,RX,1.79,1457
10:44:10.412,RX,1.59,1458
10:44:10.531,RX,1.49,1459
10:44:10.652,RX,1.69,1460
10:44:10.772,RX,1.89,1461
10:44:10.891,RX,1.69,1462
10:44:11.011,RX,1.79,1463
10:44:11.132,RX,1.39,1464
10:44:11.222,RX,1.39,1465
10:44:11.372,RX,1.29,1466
10:44:11.492,RX,1.59,1467
10:44:11.612,RX,1.59,1468
10:44:11.731,RX,1.39,1469
10:44:11.852,RX,1.39,1470
10:44:11.971,RX,1.79,1471
10:44:12.092,RX,1.49,1472
10:44:12.212,RX,1.59,1473
10:44:12.331,RX,1.69,1474
10:44:12.450,RX,1.49,1475
10:44:12.571,RX,1.89,1476
10:44:12.691,RX,1.99,1477
10:44:12.812,RX,1.89,1478
10:44:12.931,RX,1.79,1479
10:44:13.051,RX,1.79,1480
10:44:13.172,RX,1.99,1481
10:44:13.291,RX,1.99,1482
10:44:13.412,RX,1.69,1483
10:44:13.531,RX,1.89,1484
10:44:13.652,RX,1.79,1485
10:44:13.771,RX,1.49,1486
10:44:13.891,RX,1.49,1487
10:44:14.011,RX,1.59,1488
10:44:14.131,RX,1.29,1489
10:44:14.252,RX,1.69,1490
10:44:14.372,RX,1.79,1491
10:44:14.490,RX,1.69,1492
10:44:14.641,RX,1.69,1493
10:44:14.732,RX,1.39,1494
10:44:14.852,RX,1.39,1495
10:44:14.972,RX,1.29,1496
10:44:15.092,RX,1.29,1497
10:44:15.243,RX,1.49,1498
10:44:15.331,RX,1.39,1499
10:44:15.452,RX,1.39,1500
10:44:15.572,RX,1.29,1501
10:44:15.692,RX,1.49,1502
10:44:15.812,RX,1.49,1503
10:44:15.932,RX,1.29,1504
10:44:16.052,RX,1.29,1505
10:44:16.172,RX,1.39,1506
10:44:16.292,RX,1.19,1507
10:44:16.412,RX,1.29,1508
10:44:16.533,RX,1.09,1509
10:44:16.651,RX,1.29,1510
10:44:16.772,RX,1.19,1511
10:44:16.892,RX,1.29,1512
10:44:17.012,RX,1.29,1513
10:44:17.132,RX,1.29,1514
10:44:17.252,RX,1.39,1515
10:44:17.372,RX,1.29,1516
10:44:17.462,RX,1.39,1517
10:44:17.611,RX,1.29,1518
10:44:17.731,RX,1.39,1519
10:44:17.852,RX,1.49,1520
10:44:17.972,RX,1.39,1521
10:44:18.092,RX,1.29,1522
10:44:18.212,RX,1.29,1523
10:44:18.331,RX,1.39,1524
10:44:18.451,RX,1.49,1525
10:44:18.573,RX,1.29,1526
10:44:18.692,RX,1.29,1527
10:44:18.812,RX,1.19,1528
10:44:18.932,RX,1.19,1529
10:44:19.051,RX,1.19,1530
10:44:19.171,RX,1.29,1531
10:44:19.291,RX,1.19,1532
10:44:19.412,RX,1.29,1533
10:44:19.531,RX,1.29,1534
10:44:19.651,RX,1.39,1535
10:44:19.771,RX,1.19,1536
10:44:19.891,RX,1.29,1537
10:44:20.012,RX,1.19,1538
10:44:20.132,RX,1.29,1539
10:44:20.252,RX,1.29,1540
10:44:20.373,RX,1.29,1541
10:44:20.492,RX,1.29,1542
10:44:20.593,RX,1.29,1543
10:44:20.732,RX,0.99,1544
10:44:20.852,RX,1.09,1545
10:44:20.983,RX,1.09,1546
10:44:21.092,RX,1.19,1547
10:44:21.212,RX,1.09,1548
10:44:21.331,RX,1.19,1549
10:44:21.452,RX,1.09,1550
10:44:21.572,RX,1.29,1551
10:44:21.692,RX,1.09,1552
10:44:21.811,RX,1.09,1553
10:44:21.930,RX,1.09,1554
10:44:22.051,RX,0.99,1555
10:44:22.172,RX,0.99,1556
10:44:22.292,RX,1.19,1557
10:44:22.411,RX,1.19,1558
10:44:22.532,RX,1.29,1559
10:44:22.652,RX,1.09,1560
10:44:22.671,TX,q,1561
